{"cameraMode":{"drawMode":0,"name":"Shaded","section":"Shading Mode"},"sceneLighting":true,"audioPlay":false,"sceneViewState":{"showFog":true,"showMaterialUpdate":true,"showSkybox":true,"showFlares":true,"showImageEffects":true,"showParticleSystems":true},"in2DMode":false,"pivot":{"x":7.551251411437988,"y":-3.283806324005127,"z":6.064077377319336},"rotation":{"x":0.19350090622901917,"y":-0.1305418610572815,"z":0.02598678134381771,"w":0.9720293283462524},"size":9.291205406188965,"orthographic":false}