{"cameraMode":{"drawMode":0,"name":"Shaded","section":"Shading Mode"},"sceneLighting":true,"audioPlay":false,"sceneViewState":{"showFog":true,"showMaterialUpdate":false,"showSkybox":true,"showFlares":true,"showImageEffects":true,"showParticleSystems":true},"in2DMode":false,"pivot":{"x":2.710994243621826,"y":-3.8417601585388185,"z":49.118934631347659},"rotation":{"x":-0.16440847516059876,"y":0.04200372472405434,"z":-0.007007569074630737,"w":-0.9854727387428284},"size":95.7264175415039,"orthographic":false}