{"cameraMode":{"drawMode":0,"name":"Shaded","section":"Shading Mode"},"sceneLighting":true,"audioPlay":false,"sceneViewState":{"showFog":true,"showMaterialUpdate":true,"showSkybox":true,"showFlares":true,"showImageEffects":true,"showParticleSystems":true},"in2DMode":false,"pivot":{"x":-6.396811485290527,"y":28.01665496826172,"z":-15.29052734375},"rotation":{"x":0.05787406116724014,"y":-0.14177505671977998,"z":0.008303303271532059,"w":0.9881707429885864},"size":54.10088348388672,"orthographic":false}