{"cameraMode":{"drawMode":0,"name":"Shaded","section":"Shading Mode"},"sceneLighting":false,"audioPlay":false,"sceneViewState":{"showFog":true,"showMaterialUpdate":true,"showSkybox":false,"showFlares":true,"showImageEffects":true,"showParticleSystems":true},"in2DMode":false,"pivot":{"x":0.19537663459777833,"y":2.2405529022216799,"z":0.5869812965393066},"rotation":{"x":0.033394936472177508,"y":-0.7545722723007202,"z":0.038516588509082797,"w":0.654233992099762},"size":10.660120010375977,"orthographic":true}