{"cameraMode":{"drawMode":0,"name":"Shaded","section":"Shading Mode"},"sceneLighting":true,"audioPlay":false,"sceneViewState":{"showFog":true,"showMaterialUpdate":true,"showSkybox":true,"showFlares":true,"showImageEffects":true,"showParticleSystems":true},"in2DMode":false,"pivot":{"x":12.297945976257325,"y":3.129603862762451,"z":11.761927604675293},"rotation":{"x":-0.023940766230225564,"y":-0.06892529129981995,"z":0.0016545394901186228,"w":-0.9973331689834595},"size":10.792780876159668,"orthographic":false}