{"cameraMode":{"drawMode":0,"name":"Shaded","section":"Shading Mode"},"sceneLighting":true,"audioPlay":false,"sceneViewState":{"showFog":true,"showMaterialUpdate":true,"showSkybox":true,"showFlares":true,"showImageEffects":true,"showParticleSystems":true},"in2DMode":false,"pivot":{"x":-6.396811485290527,"y":28.01665496826172,"z":-15.29052734375},"rotation":{"x":0.05787406489253044,"y":-0.14177507162094117,"z":0.008303304202854634,"w":0.9881708025932312},"size":51.666343688964847,"orthographic":false}