{"cameraMode":{"drawMode":0,"name":"Shaded","section":"Shading Mode"},"sceneLighting":false,"audioPlay":false,"sceneViewState":{"showFog":true,"showMaterialUpdate":true,"showSkybox":true,"showFlares":true,"showImageEffects":true,"showParticleSystems":true},"in2DMode":false,"pivot":{"x":-9.83582878112793,"y":5.9375,"z":-45.135494232177737},"rotation":{"x":0.2524007558822632,"y":0.1258428990840912,"z":-0.033126529306173328,"w":0.9588326811790466},"size":39.90532302856445,"orthographic":true}