{"cameraMode":{"drawMode":0,"name":"Shaded","section":"Shading Mode"},"sceneLighting":false,"audioPlay":false,"sceneViewState":{"showFog":true,"showMaterialUpdate":false,"showSkybox":false,"showFlares":true,"showImageEffects":true,"showParticleSystems":true},"in2DMode":false,"pivot":{"x":5.639999866485596,"y":0.6899999380111694,"z":1.90749990940094},"rotation":{"x":-0.1532958447933197,"y":-0.26674380898475649,"z":0.043019022792577746,"w":-0.9505248665809631},"size":9.217251777648926,"orthographic":true}