{"cameraMode":{"drawMode":0,"name":"Shaded","section":"Shading Mode"},"sceneLighting":true,"audioPlay":false,"sceneViewState":{"showFog":true,"showMaterialUpdate":false,"showSkybox":true,"showFlares":true,"showImageEffects":true,"showParticleSystems":true},"in2DMode":false,"pivot":{"x":6.399831771850586,"y":-0.7076084613800049,"z":3.281999111175537},"rotation":{"x":-0.18458566069602967,"y":-0.14768727123737336,"z":0.02806784026324749,"w":-0.9712511897087097},"size":11.108495712280274,"orthographic":false}