{"cameraMode":{"drawMode":0,"name":"Shaded","section":"Shading Mode"},"sceneLighting":true,"audioPlay":false,"sceneViewState":{"showFog":true,"showMaterialUpdate":false,"showSkybox":true,"showFlares":true,"showImageEffects":true,"showParticleSystems":true},"in2DMode":false,"pivot":{"x":34.18994140625,"y":4.9794921875,"z":12.775390625},"rotation":{"x":-0.04321368783712387,"y":0.9457372426986694,"z":-0.2894429862499237,"w":-0.14119628071784974},"size":12.639795303344727,"orthographic":true}