{"cameraMode":{"drawMode":0,"name":"Shaded","section":"Shading Mode"},"sceneLighting":true,"audioPlay":false,"sceneViewState":{"showFog":true,"showMaterialUpdate":false,"showSkybox":true,"showFlares":true,"showImageEffects":true,"showParticleSystems":true},"in2DMode":false,"pivot":{"x":19.713436126708986,"y":-4.3085784912109379,"z":15.09749984741211},"rotation":{"x":-0.20961549878120423,"y":0.5171438455581665,"z":-0.13232259452342988,"w":-0.819215714931488},"size":28.535982131958009,"orthographic":false}