{"cameraMode":{"drawMode":0,"name":"Shaded","section":"Shading Mode"},"sceneLighting":true,"audioPlay":false,"sceneViewState":{"showFog":true,"showMaterialUpdate":false,"showSkybox":true,"showFlares":true,"showImageEffects":true,"showParticleSystems":true},"in2DMode":false,"pivot":{"x":-4.312548637390137,"y":4.162137031555176,"z":-5.246101379394531},"rotation":{"x":-0.0213012732565403,"y":0.9775174856185913,"z":-0.17062637209892274,"w":-0.12203484028577805},"size":18.075862884521486,"orthographic":true}