{"cameraMode":{"drawMode":0,"name":"Shaded","section":"Shading Mode"},"sceneLighting":true,"audioPlay":false,"sceneViewState":{"showFog":true,"showMaterialUpdate":true,"showSkybox":true,"showFlares":true,"showImageEffects":true,"showParticleSystems":true},"in2DMode":false,"pivot":{"x":3.568333625793457,"y":3.513291835784912,"z":3.19185733795166},"rotation":{"x":0.13244220614433289,"y":-0.15075236558914185,"z":0.02039553038775921,"w":0.9794471859931946},"size":31.78520965576172,"orthographic":false}