{"cameraMode":{"drawMode":0,"name":"Shaded","section":"Shading Mode"},"sceneLighting":true,"audioPlay":false,"sceneViewState":{"showFog":true,"showMaterialUpdate":true,"showSkybox":true,"showFlares":true,"showImageEffects":true,"showParticleSystems":true},"in2DMode":false,"pivot":{"x":17.822237014770509,"y":1.8531674146652222,"z":0.36115846037864687},"rotation":{"x":-0.01922188699245453,"y":0.7562093734741211,"z":-0.022237742319703103,"w":-0.6536691784858704},"size":56.747657775878909,"orthographic":true}