{"cameraMode":{"drawMode":0,"name":"Shaded","section":"Shading Mode"},"sceneLighting":true,"audioPlay":false,"sceneViewState":{"showFog":true,"showMaterialUpdate":true,"showSkybox":true,"showFlares":true,"showImageEffects":true,"showParticleSystems":true},"in2DMode":false,"pivot":{"x":10.032058715820313,"y":-36.414649963378909,"z":4.173417091369629},"rotation":{"x":-0.2607479691505432,"y":0.6495101451873779,"z":-0.25364840030670168,"w":-0.6676896810531616},"size":96.81129455566406,"orthographic":false}