{"cameraMode":{"drawMode":0,"name":"Shaded","section":"Shading Mode"},"sceneLighting":true,"audioPlay":false,"sceneViewState":{"showFog":true,"showMaterialUpdate":true,"showSkybox":true,"showFlares":true,"showImageEffects":true,"showParticleSystems":true},"in2DMode":false,"pivot":{"x":20.69272232055664,"y":1.3623030185699463,"z":-0.5813316106796265},"rotation":{"x":0.14688244462013246,"y":0.5856243968009949,"z":-0.1089278906583786,"w":0.7896862030029297},"size":38.893287658691409,"orthographic":true}