{"cameraMode":{"drawMode":0,"name":"Shaded","section":"Shading Mode"},"sceneLighting":true,"audioPlay":false,"sceneViewState":{"showFog":true,"showMaterialUpdate":false,"showSkybox":true,"showFlares":true,"showImageEffects":true,"showParticleSystems":true},"in2DMode":false,"pivot":{"x":13.759297370910645,"y":1.5576095581054688,"z":1.240401029586792},"rotation":{"x":-0.31335222721099856,"y":0.03132734075188637,"z":-0.010343519039452076,"w":-0.949063777923584},"size":0.45527923107147219,"orthographic":false}