{"cameraMode":{"drawMode":0,"name":"Shaded","section":"Shading Mode"},"sceneLighting":true,"audioPlay":false,"sceneViewState":{"showFog":true,"showMaterialUpdate":false,"showSkybox":true,"showFlares":true,"showImageEffects":true,"showParticleSystems":true},"in2DMode":false,"pivot":{"x":0.15770632028579713,"y":8.953582763671875,"z":2.607564926147461},"rotation":{"x":-0.0957241952419281,"y":0.6320636868476868,"z":-0.07909977436065674,"w":-0.7649024128913879},"size":45.724571228027347,"orthographic":false}