{"cameraMode":{"drawMode":0,"name":"Shaded","section":"Shading Mode"},"sceneLighting":true,"audioPlay":false,"sceneViewState":{"showFog":true,"showMaterialUpdate":true,"showSkybox":true,"showFlares":true,"showImageEffects":true,"showParticleSystems":true},"in2DMode":false,"pivot":{"x":-0.608336329460144,"y":2.3795127868652345,"z":2.8928706645965578},"rotation":{"x":-0.02473652921617031,"y":0.9721293449401856,"z":-0.19959254562854768,"w":-0.12048038095235825},"size":15.912800788879395,"orthographic":false}