{"cameraMode":{"drawMode":0,"name":"Shaded","section":"Shading Mode"},"sceneLighting":true,"audioPlay":false,"sceneViewState":{"showFog":true,"showMaterialUpdate":true,"showSkybox":true,"showFlares":true,"showImageEffects":true,"showParticleSystems":true},"in2DMode":false,"pivot":{"x":-7.670069217681885,"y":-4.012153625488281,"z":-0.2704879641532898},"rotation":{"x":0.16602562367916108,"y":-0.687321662902832,"z":0.16601571440696717,"w":0.687359631061554},"size":35.89741516113281,"orthographic":false}