{"cameraMode":{"drawMode":0,"name":"Shaded","section":"Shading Mode"},"sceneLighting":true,"audioPlay":false,"sceneViewState":{"showFog":true,"showMaterialUpdate":true,"showSkybox":true,"showFlares":true,"showImageEffects":true,"showParticleSystems":true},"in2DMode":false,"pivot":{"x":5.295573711395264,"y":0.6567732691764832,"z":2.295079231262207},"rotation":{"x":-0.19914200901985169,"y":-0.6153717041015625,"z":0.1645621806383133,"w":-0.7447009682655335},"size":5.721103668212891,"orthographic":false}