{"cameraMode":{"drawMode":0,"name":"Shaded","section":"Shading Mode"},"sceneLighting":true,"audioPlay":false,"sceneViewState":{"showFog":true,"showMaterialUpdate":true,"showSkybox":true,"showFlares":true,"showImageEffects":true,"showParticleSystems":true},"in2DMode":false,"pivot":{"x":-1.5553276538848878,"y":-0.3498120903968811,"z":0.0702248066663742},"rotation":{"x":-0.0012254156172275544,"y":0.9984121918678284,"z":-0.023966653272509576,"w":-0.05096269026398659},"size":2.4880738258361818,"orthographic":true}