{"cameraMode":{"drawMode":0,"name":"Shaded","section":"Shading Mode"},"sceneLighting":true,"audioPlay":false,"sceneViewState":{"showFog":true,"showMaterialUpdate":false,"showSkybox":true,"showFlares":true,"showImageEffects":true,"showParticleSystems":true},"in2DMode":false,"pivot":{"x":18.627809524536134,"y":1.9431942701339722,"z":10.887863159179688},"rotation":{"x":0.06365209817886353,"y":-0.2612443268299103,"z":0.01726839877665043,"w":0.9630169868469238},"size":13.825820922851563,"orthographic":false}