{"cameraMode":{"drawMode":0,"name":"Shaded","section":"Shading Mode"},"sceneLighting":false,"audioPlay":false,"sceneViewState":{"showFog":true,"showMaterialUpdate":false,"showSkybox":false,"showFlares":true,"showImageEffects":true,"showParticleSystems":true},"in2DMode":false,"pivot":{"x":0.0437169075012207,"y":-0.04642343521118164,"z":-2.384185791015625e-7},"rotation":{"x":0.0017867119750007988,"y":0.749813973903656,"z":-0.6616432070732117,"w":0.0020254706032574178},"size":8.23303508758545,"orthographic":false}