{"cameraMode":{"drawMode":0,"name":"Shaded","section":"Shading Mode"},"sceneLighting":true,"audioPlay":false,"sceneViewState":{"showFog":true,"showMaterialUpdate":false,"showSkybox":true,"showFlares":true,"showImageEffects":true,"showParticleSystems":true},"in2DMode":false,"pivot":{"x":5.609783172607422,"y":5.8715105056762699,"z":-44.02227020263672},"rotation":{"x":-0.06884006410837174,"y":0.6833680272102356,"z":-0.06498473882675171,"w":-0.723910391330719},"size":42.31623458862305,"orthographic":false}