{"cameraMode":{"drawMode":0,"name":"Shaded","section":"Shading Mode"},"sceneLighting":true,"audioPlay":false,"sceneViewState":{"showFog":true,"showMaterialUpdate":false,"showSkybox":true,"showFlares":true,"showImageEffects":true,"showParticleSystems":true},"in2DMode":false,"pivot":{"x":44.09222412109375,"y":1.5145847797393799,"z":0.14751586318016053},"rotation":{"x":0.10729207843542099,"y":-0.6952226161956787,"z":0.10613949596881867,"w":0.7027718424797058},"size":20.381357192993165,"orthographic":true}