{"cameraMode":{"drawMode":0,"name":"Shaded","section":"Shading Mode"},"sceneLighting":false,"audioPlay":false,"sceneViewState":{"showFog":false,"showMaterialUpdate":false,"showSkybox":false,"showFlares":false,"showImageEffects":false,"showParticleSystems":false},"in2DMode":false,"pivot":{"x":-34.37528991699219,"y":-28.13393211364746,"z":-0.5608673095703125},"rotation":{"x":-0.13550779223442079,"y":0.09051397442817688,"z":-0.012432445771992207,"w":-0.986554741859436},"size":345.05322265625,"orthographic":false}