{"cameraMode":{"drawMode":0,"name":"Shaded","section":"Shading Mode"},"sceneLighting":true,"audioPlay":false,"sceneViewState":{"showFog":true,"showMaterialUpdate":false,"showSkybox":true,"showFlares":true,"showImageEffects":true,"showParticleSystems":true},"in2DMode":false,"pivot":{"x":72.0,"y":3.050806999206543,"z":-13.899999618530274},"rotation":{"x":0.06676511466503144,"y":-0.1416948139667511,"z":0.009578954428434372,"w":0.9876099228858948},"size":121.6946792602539,"orthographic":true}