{"cameraMode":{"drawMode":0,"name":"Shaded","section":"Shading Mode"},"sceneLighting":false,"audioPlay":false,"sceneViewState":{"showFog":false,"showMaterialUpdate":false,"showSkybox":false,"showFlares":false,"showImageEffects":false,"showParticleSystems":false},"in2DMode":false,"pivot":{"x":7.053357124328613,"y":-10.360187530517579,"z":-22.503726959228517},"rotation":{"x":0.493211954832077,"y":-0.09226034581661225,"z":0.05270283669233322,"w":0.8633958697319031},"size":48.75947189331055,"orthographic":false}