{"cameraMode":{"drawMode":0,"name":"Shaded","section":"Shading Mode"},"sceneLighting":false,"audioPlay":false,"sceneViewState":{"showFog":false,"showMaterialUpdate":false,"showSkybox":false,"showFlares":false,"showImageEffects":false,"showParticleSystems":false},"in2DMode":false,"pivot":{"x":-1.1281640529632569,"y":0.5293364524841309,"z":-37.87662887573242},"rotation":{"x":0.19739389419555665,"y":-0.14699237048625947,"z":0.029950788244605066,"w":0.9687786102294922},"size":10.66386604309082,"orthographic":false}