{"cameraMode":{"drawMode":0,"name":"Shaded","section":"Shading Mode"},"sceneLighting":false,"audioPlay":false,"sceneViewState":{"showFog":false,"showMaterialUpdate":false,"showSkybox":false,"showFlares":false,"showImageEffects":false,"showParticleSystems":false},"in2DMode":false,"pivot":{"x":-13.30325984954834,"y":-19.80594825744629,"z":-13.014440536499024},"rotation":{"x":0.19739389419555665,"y":-0.14699237048625947,"z":0.029950788244605066,"w":0.9687786102294922},"size":55.892433166503909,"orthographic":false}