{"cameraMode":{"drawMode":0,"name":"Shaded","section":"Shading Mode"},"sceneLighting":false,"audioPlay":false,"sceneViewState":{"showFog":true,"showMaterialUpdate":false,"showSkybox":true,"showFlares":true,"showImageEffects":true,"showParticleSystems":true},"in2DMode":false,"pivot":{"x":3.6794662475585939,"y":0.07822799682617188,"z":-23.18743896484375},"rotation":{"x":0.014837881550192833,"y":-0.9705595970153809,"z":0.2322704792022705,"w":0.0620022676885128},"size":4.547337532043457,"orthographic":true}