{"cameraMode":{"drawMode":0,"name":"Shaded","section":"Shading Mode"},"sceneLighting":false,"audioPlay":false,"sceneViewState":{"showFog":false,"showMaterialUpdate":false,"showSkybox":false,"showFlares":false,"showImageEffects":false,"showParticleSystems":false},"in2DMode":false,"pivot":{"x":31.35650634765625,"y":2.4203758239746095,"z":9.785752296447754},"rotation":{"x":0.012460469268262387,"y":-0.6978209018707275,"z":0.012143423780798912,"w":0.716060996055603},"size":5.545257568359375,"orthographic":false}