{"cameraMode":{"drawMode":0,"name":"Shaded","section":"Shading Mode"},"sceneLighting":false,"audioPlay":false,"sceneViewState":{"showFog":false,"showMaterialUpdate":false,"showSkybox":false,"showFlares":false,"showImageEffects":false,"showParticleSystems":false},"in2DMode":false,"pivot":{"x":63.539947509765628,"y":3.0819292068481447,"z":-78.95237731933594},"rotation":{"x":-0.001508573186583817,"y":0.9552364349365234,"z":0.0048725600354373459,"w":0.2957994043827057},"size":94.9471435546875,"orthographic":false}