{"cameraMode":{"drawMode":0,"name":"Shaded","section":"Shading Mode"},"sceneLighting":true,"audioPlay":false,"sceneViewState":{"showFog":true,"showMaterialUpdate":false,"showSkybox":true,"showFlares":true,"showImageEffects":true,"showParticleSystems":true},"in2DMode":false,"pivot":{"x":14.11868667602539,"y":8.932537078857422,"z":60.79010772705078},"rotation":{"x":-0.19987919926643372,"y":0.18307441473007203,"z":-0.038045838475227359,"w":-0.96181321144104},"size":104.84485626220703,"orthographic":false}