{"cameraMode":{"drawMode":0,"name":"Shaded","section":"Shading Mode"},"sceneLighting":false,"audioPlay":false,"sceneViewState":{"showFog":true,"showMaterialUpdate":false,"showSkybox":false,"showFlares":true,"showImageEffects":true,"showParticleSystems":true},"in2DMode":false,"pivot":{"x":0.3805420398712158,"y":3.533703327178955,"z":0.0384516716003418},"rotation":{"x":0.07955893874168396,"y":-0.29535019397735598,"z":0.024688567966222764,"w":0.9517505764961243},"size":62.02149963378906,"orthographic":false}