{"cameraMode":{"drawMode":0,"name":"Shaded","section":"Shading Mode"},"sceneLighting":true,"audioPlay":false,"sceneViewState":{"showFog":true,"showMaterialUpdate":true,"showSkybox":true,"showFlares":true,"showImageEffects":true,"showParticleSystems":true},"in2DMode":false,"pivot":{"x":115.87748718261719,"y":122.63209533691406,"z":4.889260768890381},"rotation":{"x":0.2517799437046051,"y":-0.46376127004623415,"z":0.139351487159729,"w":0.8379221558570862},"size":102.23641204833985,"orthographic":false}