{"cameraMode":{"drawMode":0,"name":"Shaded","section":"Shading Mode"},"sceneLighting":true,"audioPlay":false,"sceneViewState":{"showFog":true,"showMaterialUpdate":true,"showSkybox":true,"showFlares":true,"showImageEffects":true,"showParticleSystems":true},"in2DMode":false,"pivot":{"x":-0.02468395233154297,"y":3.129990577697754,"z":17.620254516601564},"rotation":{"x":0.018756931647658349,"y":0.9811520576477051,"z":-0.12908130884170533,"w":0.14257210493087769},"size":48.59306716918945,"orthographic":false}