{"cameraMode":{"drawMode":0,"name":"Shaded","section":"Shading Mode"},"sceneLighting":true,"audioPlay":false,"sceneViewState":{"showFog":true,"showMaterialUpdate":true,"showSkybox":true,"showFlares":true,"showImageEffects":true,"showParticleSystems":true},"in2DMode":false,"pivot":{"x":25.546306610107423,"y":-1.2223482131958008,"z":32.857479095458987},"rotation":{"x":0.02075270004570484,"y":0.9471368789672852,"z":-0.0626019611954689,"w":0.313977986574173},"size":64.6744384765625,"orthographic":false}