{"cameraMode":{"drawMode":0,"name":"Shaded","section":"Shading Mode"},"sceneLighting":true,"audioPlay":false,"sceneViewState":{"showFog":true,"showMaterialUpdate":true,"showSkybox":true,"showFlares":true,"showImageEffects":true,"showParticleSystems":true},"in2DMode":false,"pivot":{"x":-17.067779541015626,"y":-0.2779674530029297,"z":9.197259902954102},"rotation":{"x":-0.1000654548406601,"y":0.8479071855545044,"z":-0.17276261746883393,"w":-0.49111446738243105},"size":44.01884460449219,"orthographic":false}