{"cameraMode":{"drawMode":0,"name":"Shaded","section":"Shading Mode"},"sceneLighting":true,"audioPlay":false,"sceneViewState":{"showFog":true,"showMaterialUpdate":true,"showSkybox":true,"showFlares":true,"showImageEffects":true,"showParticleSystems":true},"in2DMode":false,"pivot":{"x":174.95819091796876,"y":-22.297195434570314,"z":77.05477905273438},"rotation":{"x":0.06352624297142029,"y":0.47509944438934328,"z":-0.034416183829307559,"w":0.8769609332084656},"size":198.80372619628907,"orthographic":false}