{"cameraMode":{"drawMode":0,"name":"Shaded","section":"Shading Mode"},"sceneLighting":true,"audioPlay":false,"sceneViewState":{"showFog":true,"showMaterialUpdate":false,"showSkybox":true,"showFlares":true,"showImageEffects":true,"showParticleSystems":true},"in2DMode":false,"pivot":{"x":0.27521246671676638,"y":1.4801568984985352,"z":0.5438612103462219},"rotation":{"x":-0.2020224779844284,"y":0.3995071053504944,"z":-0.0907273218035698,"w":-0.8895784020423889},"size":1.4145410060882569,"orthographic":false}