{"cameraMode":{"drawMode":0,"name":"Shaded","section":"Shading Mode"},"sceneLighting":true,"audioPlay":false,"sceneViewState":{"showFog":true,"showMaterialUpdate":true,"showSkybox":true,"showFlares":true,"showImageEffects":true,"showParticleSystems":true},"in2DMode":false,"pivot":{"x":-63.584259033203128,"y":-35.328189849853519,"z":122.96592712402344},"rotation":{"x":0.10301392525434494,"y":-0.30955639481544497,"z":0.033756982535123828,"w":0.944681704044342},"size":198.10946655273438,"orthographic":false}