{"cameraMode":{"drawMode":0,"name":"Shaded","section":"Shading Mode"},"sceneLighting":true,"audioPlay":false,"sceneViewState":{"showFog":true,"showMaterialUpdate":true,"showSkybox":true,"showFlares":true,"showImageEffects":true,"showParticleSystems":true},"in2DMode":false,"pivot":{"x":-37.56913375854492,"y":4.166194915771484,"z":-19.27718734741211},"rotation":{"x":0.018001819029450418,"y":-0.8408966660499573,"z":0.02802645042538643,"w":0.5401696562767029},"size":59.70125961303711,"orthographic":false}