{"cameraMode":{"drawMode":0,"name":"Shaded","section":"Shading Mode"},"sceneLighting":true,"audioPlay":false,"sceneViewState":{"showFog":true,"showMaterialUpdate":true,"showSkybox":true,"showFlares":true,"showImageEffects":true,"showParticleSystems":true},"in2DMode":false,"pivot":{"x":-69.4455795288086,"y":-29.137405395507814,"z":124.34762573242188},"rotation":{"x":-0.11179910600185394,"y":0.25129005312919619,"z":-0.029235543683171274,"w":-0.9609888195991516},"size":142.32484436035157,"orthographic":false}