{"cameraMode":{"drawMode":0,"name":"Shaded","section":"Shading Mode"},"sceneLighting":true,"audioPlay":false,"sceneViewState":{"showFog":true,"showMaterialUpdate":true,"showSkybox":true,"showFlares":true,"showImageEffects":true,"showParticleSystems":true},"in2DMode":false,"pivot":{"x":-9.699518203735352,"y":2.004453182220459,"z":-4.136936187744141},"rotation":{"x":0.0261971615254879,"y":-0.8390998840332031,"z":0.04057084769010544,"w":0.5418294072151184},"size":15.143619537353516,"orthographic":false}