{"cameraMode":{"drawMode":0,"name":"Shaded","section":"Shading Mode"},"sceneLighting":true,"audioPlay":false,"sceneViewState":{"showFog":true,"showMaterialUpdate":true,"showSkybox":true,"showFlares":true,"showImageEffects":true,"showParticleSystems":true},"in2DMode":false,"pivot":{"x":-114.1362075805664,"y":-14.939245223999024,"z":9.481901168823243},"rotation":{"x":-0.05368974804878235,"y":0.6986318230628967,"z":-0.052719295024871829,"w":-0.7115136981010437},"size":123.10389709472656,"orthographic":false}