{"cameraMode":{"drawMode":0,"name":"Shaded","section":"Shading Mode"},"sceneLighting":true,"audioPlay":false,"sceneViewState":{"showFog":true,"showMaterialUpdate":true,"showSkybox":true,"showFlares":true,"showImageEffects":true,"showParticleSystems":true},"in2DMode":false,"pivot":{"x":62.52446746826172,"y":0.47873246669769289,"z":51.79335021972656},"rotation":{"x":0.002917833160609007,"y":0.23245415091514588,"z":-0.0006973565905354917,"w":0.9726027250289917},"size":135.38233947753907,"orthographic":false}