{"cameraMode":{"drawMode":0,"name":"Shaded","section":"Shading Mode"},"sceneLighting":true,"audioPlay":false,"sceneViewState":{"showFog":true,"showMaterialUpdate":false,"showSkybox":true,"showFlares":true,"showImageEffects":true,"showParticleSystems":true},"in2DMode":false,"pivot":{"x":-3.0179901123046877,"y":5.834156036376953,"z":-12.934394836425782},"rotation":{"x":-0.052170779556035998,"y":0.6737739443778992,"z":-0.04778960719704628,"w":-0.7355427145957947},"size":76.49987030029297,"orthographic":false}